COUNT de id,acidentes_fatais,,total,porcentagem de fatalidade,,,COUNT de id,curva_reta,,,"Hipótese: acidentes em trechos com curva apresentam maior proporção de fatalidade do que acidentes em retas.
Indicador: Taxa de acidentes fatais por tipo de traçado da via.
Como provar: comparar acidentes fatais ÷ total de acidentes entre trechos retos e curvas."
tipo_pista,1,0,,,,,acidentes_fatais,Reta,Outro,Curva,
Simples,3424,31309,34733,"9,858060058",,,0,6000,702,2052,
Dupla,1501,29281,30782,"4,876226366",,,1,894,43,308,
Múltipla,285,6729,7014,"4,063301967",,,total,6894,745,2360,
,,,,,,,porcentagem,"12,96779809",,"13,05084746",
"Hipótese: vias de pista simples são mais perigosas que vias duplas/múltiplas.
Indicador: Taxa de acidentes fatais por tipo de pista.
Como provar: comparar fatais ÷ total de acidentes em cada tipo de pista.",,,,,,,,,,,
,,,,,,,,,,,
,,,,,,,,,,,
COUNT de id,fase_dia,,,,,,,,,,
acidentes_fatais,Pleno dia,Plena Noite,Anoitecer,Amanhecer,noite,dia,,,,,
0,38326,22259,3673,3061,2775,2435,,,,,
1,2049,2522,253,386,,,,,,,
,,,,,,,,,,,
"Hipótese: acidentes ocorridos durante a noite apresentam maior proporção de fatalidade do que acidentes ocorridos durante o dia.
Indicador: Taxa de acidentes fatais por fase do dia.
Como provar: comparar acidentes fatais ÷ total de acidentes entre as diferentes fases do dia.",,,,,,,,,,,
,,,,,,,,,,,
COUNT de id,condicao_metereologica,,,,,,,,,,
acidentes_fatais,Vento,Sol,Nublado,Nevoeiro/Neblina,Neve,Ignorado,Garoa/Chuvisco,Chuva,Céu Claro,,
0,95,3954,10605,493,1,901,2278,6036,42956,,
1,9,247,830,60,,99,144,402,3419,,
,,,,,,,,,,,
,,,,,,,,,,,
,,,,,,,,,,,
"Hipótese:       Acidentes ocorridos durante a madrugada e a noite apresentam maior risco de serem fatais do que acidentes ocorridos durante o dia.
Indicador:        Percentual de acidentes fatais por período crítico.
Como provar:        Comparar, na tabela dinâmica, a quantidade de acidentes fatais em relação ao total de acidentes em cada período.",,,,,,,,,,,
,,,,,,,,,,,
,,,,,,,,,,,
causa_acidente,total_acidentes,acidentes_fatais,mortos,,,,,,,,
Acessar a via sem observar a presença dos outros veículos,7097,394,421,,,,,,,,
Acesso irregular,768,42,43,,,,,,,,
Acostamento em desnível,167,9,9,,,,,,,,
Acumulo de água sobre o pavimento,477,16,23,,,,,,,,
Acumulo de areia ou detritos sobre o pavimento,308,5,7,,,,,,,,
Acumulo de óleo sobre o pavimento,228,3,5,,,,,,,,
Afundamento ou ondulação no pavimento,206,12,14,,,,,,,,
Animais na Pista,1305,72,78,,,,,,,,
Área urbana sem a presença de local apropriado para a travessia de pedestres,81,12,12,,,,,,,,
Ausência de reação do condutor,11469,779,855,,,,,,,,
Ausência de sinalização,178,7,7,,,,,,,,
Avarias e/ou desgaste excessivo no pneu,1176,26,31,,,,,,,,
Carga excessiva e/ou mal acondicionada,256,10,10,,,,,,,,
Chuva,1020,38,46,,,,,,,,
Condutor deixou de manter distância do veículo da frente,4413,78,89,,,,,,,,
Condutor desrespeitou a iluminação vermelha do semáforo,268,7,8,,,,,,,,
Condutor Dormindo,2116,135,171,,,,,,,,
Condutor usando celular,189,10,12,,,,,,,,
Conversão proibida,1018,48,55,,,,,,,,
Curva acentuada,203,17,19,,,,,,,,
Declive acentuado,19,0,0,,,,,,,,
Deficiência do Sistema de Iluminação/Sinalização,165,24,24,,,,,,,,
Deixar de acionar o farol da motocicleta (ou similar),15,1,1,,,,,,,,
Demais falhas mecânicas ou elétricas,3385,52,59,,,,,,,,
Demais falhas na via,275,19,23,,,,,,,,
Demais Fenômenos da natureza,84,2,2,,,,,,,,
Desrespeitar a preferência no cruzamento,1259,22,27,,,,,,,,
Desvio temporário,45,2,2,,,,,,,,
Entrada inopinada do pedestre,667,203,209,,,,,,,,
Estacionar ou parar em local proibido,182,10,11,,,,,,,,
Faixas de trânsito com largura insuficiente,12,0,0,,,,,,,,
Falta de acostamento,60,11,11,,,,,,,,
Falta de elemento de contenção que evite a saída do leito carroçável,59,3,4,,,,,,,,
Faróis desregulados,9,0,0,,,,,,,,
Frear bruscamente,358,6,7,,,,,,,,
Fumaça,31,0,0,,,,,,,,
Iluminação deficiente,157,23,24,,,,,,,,
Ingestão de álcool pelo condutor,3685,180,223,,,,,,,,
Ingestão de substâncias psicoativas pelo condutor,62,3,3,,,,,,,,
Mal súbito do condutor,546,73,87,,,,,,,,
Manobra de mudança de faixa,4016,161,188,,,,,,,,
Modificação proibida,11,2,2,,,,,,,,
Neblina,50,1,1,,,,,,,,
Objeto estático sobre o leito carroçável,412,16,17,,,,,,,,
Participar de racha,22,6,7,,,,,,,,
Pedestre - Ingestão de álcool/ substâncias psicoativas,150,27,28,,,,,,,,
Pedestre andava na pista,606,250,252,,,,,,,,
Pedestre cruzava a pista fora da faixa,525,130,133,,,,,,,,
Pista esburacada,232,12,17,,,,,,,,
Pista Escorregadia,545,23,37,,,,,,,,
Problema com o freio,247,19,21,,,,,,,,
Problema na suspensão,38,1,1,,,,,,,,
Reação tardia ou ineficiente do condutor,10799,528,597,,,,,,,,
Redutor de velocidade em desacordo,8,0,0,,,,,,,,
Restrição de visibilidade em curvas horizontais,23,1,1,,,,,,,,
Restrição de visibilidade em curvas verticais,13,2,2,,,,,,,,
Retorno proibido,325,14,17,,,,,,,,
Semáforo com defeito,8,1,1,,,,,,,,
Sinalização encoberta,2,0,0,,,,,,,,
Sinalização mal posicionada,61,5,6,,,,,,,,
Sistema de drenagem ineficiente,2,0,0,,,,,,,,
Suicídio (presumido),190,106,111,,,,,,,,
Trafegar com motocicleta (ou similar) entre as faixas,1325,53,56,,,,,,,,
Transitar na calçada,11,0,0,,,,,,,,
Transitar na contramão,2475,736,961,,,,,,,,
Transitar no Acostamento,498,65,71,,,,,,,,
Transtornos Mentais (exceto suicidio),59,10,10,,,,,,,,
Ultrapassagem Indevida,1770,302,404,,,,,,,,
Velocidade Incompatível,4088,385,470,,,,,,,,
Total geral,72529,5210,6043,,,,,,,,
,,,,,,,,,,,
"Hipótese: determinadas causas apresentam maior risco de acidentes fatais.
Indicador: percentual de acidentes fatais por causa.
Como provar: comparar a taxa de fatalidade entre as diferentes causas na tabela dinâmica.",,,,,,,,,,,